{"cameraMode":{"drawMode":0,"name":"Shaded","section":"Shading Mode"},"sceneLighting":false,"audioPlay":false,"sceneViewState":{"showFog":true,"showMaterialUpdate":false,"showSkybox":false,"showFlares":true,"showImageEffects":true,"showParticleSystems":true},"in2DMode":false,"pivot":{"x":1.2525701522827149,"y":4.789737224578857,"z":-8.743358612060547},"rotation":{"x":0.23072026669979096,"y":0.0003066068165935576,"z":-0.000037382902519311756,"w":0.9730644226074219},"size":1.4289418458938599,"orthographic":false}